{"cameraMode":{"drawMode":0,"name":"Shaded","section":"Shading Mode"},"sceneLighting":false,"audioPlay":false,"sceneViewState":{"showFog":true,"showMaterialUpdate":false,"showSkybox":false,"showFlares":true,"showImageEffects":true,"showParticleSystems":true},"in2DMode":false,"pivot":{"x":0.43000030517578127,"y":1.2330000400543213,"z":-10.684000015258789},"rotation":{"x":0.3980043828487396,"y":0.5864806175231934,"z":-0.40331023931503298,"w":0.5787967443466187},"size":17.90669059753418,"orthographic":false}