{"cameraMode":{"drawMode":0,"name":"Shaded","section":"Shading Mode"},"sceneLighting":false,"audioPlay":false,"sceneViewState":{"showFog":true,"showMaterialUpdate":false,"showSkybox":false,"showFlares":true,"showImageEffects":true,"showParticleSystems":true},"in2DMode":false,"pivot":{"x":-0.29044532775878909,"y":1.672515869140625,"z":1.055281162261963},"rotation":{"x":-0.1556442379951477,"y":0.6841134428977966,"z":-0.15284031629562379,"w":-0.6960419416427612},"size":5.551779270172119,"orthographic":false}