{"cameraMode":{"drawMode":0,"name":"Shaded","section":"Shading Mode"},"sceneLighting":false,"audioPlay":false,"sceneViewState":{"showFog":true,"showMaterialUpdate":false,"showSkybox":false,"showFlares":true,"showImageEffects":true,"showParticleSystems":true},"in2DMode":false,"pivot":{"x":-1.994428038597107,"y":-1.4138357639312745,"z":-3.438108444213867},"rotation":{"x":-0.010152452625334263,"y":0.9882004857063294,"z":-0.13302557170391084,"w":-0.0754460021853447},"size":20.84576988220215,"orthographic":false}