{"cameraMode":{"drawMode":0,"name":"Shaded","section":"Shading Mode"},"sceneLighting":false,"audioPlay":false,"sceneViewState":{"showFog":true,"showMaterialUpdate":false,"showSkybox":false,"showFlares":true,"showImageEffects":true,"showParticleSystems":true},"in2DMode":false,"pivot":{"x":-0.5294129848480225,"y":1.3577027320861817,"z":-1.2616568803787232},"rotation":{"x":0.21917428076267243,"y":0.774148166179657,"z":-0.3577251732349396,"w":0.4741356670856476},"size":4.19024658203125,"orthographic":false}