{"cameraMode":{"drawMode":0,"name":"Shaded","section":"Shading Mode"},"sceneLighting":true,"audioPlay":false,"sceneViewState":{"showFog":true,"showMaterialUpdate":false,"showSkybox":true,"showFlares":true,"showImageEffects":true,"showParticleSystems":true},"in2DMode":false,"pivot":{"x":8.330390930175782,"y":1.1693763732910157,"z":-4.743697166442871},"rotation":{"x":-0.31625208258628847,"y":-0.6272363662719727,"z":0.3095436990261078,"w":-0.6409532427787781},"size":47.15216827392578,"orthographic":false}