{"cameraMode":{"drawMode":0,"name":"Shaded","section":"Shading Mode"},"sceneLighting":false,"audioPlay":false,"sceneViewState":{"showFog":true,"showMaterialUpdate":false,"showSkybox":false,"showFlares":true,"showImageEffects":true,"showParticleSystems":true},"in2DMode":false,"pivot":{"x":-4.069401264190674,"y":0.8566005229949951,"z":-6.329603672027588},"rotation":{"x":0.229866623878479,"y":-0.71983802318573,"z":0.27904701232910159,"w":0.5926182270050049},"size":11.665827751159668,"orthographic":false}