{"cameraMode":{"drawMode":0,"name":"Shaded","section":"Shading Mode"},"sceneLighting":true,"audioPlay":false,"sceneViewState":{"showFog":true,"showMaterialUpdate":false,"showSkybox":true,"showFlares":true,"showImageEffects":true,"showParticleSystems":true},"in2DMode":false,"pivot":{"x":375.0673828125,"y":206.78125,"z":-418.32379150390627},"rotation":{"x":-0.017395203933119775,"y":-0.014097187668085099,"z":0.0003025579499080777,"w":-0.9997865557670593},"size":181.2683868408203,"orthographic":false}