{"cameraMode":{"drawMode":0,"name":"Shaded","section":"Shading Mode"},"sceneLighting":false,"audioPlay":false,"sceneViewState":{"showFog":true,"showMaterialUpdate":false,"showSkybox":false,"showFlares":true,"showImageEffects":true,"showParticleSystems":true},"in2DMode":false,"pivot":{"x":0.6618862152099609,"y":-0.5741053819656372,"z":-3.615579605102539},"rotation":{"x":-0.07513220608234406,"y":-0.053226325660943988,"z":0.004012779798358679,"w":-0.9957590103149414},"size":4.291380882263184,"orthographic":false}