{"cameraMode":{"drawMode":0,"name":"Shaded","section":"Shading Mode"},"sceneLighting":false,"audioPlay":false,"sceneViewState":{"showFog":true,"showMaterialUpdate":false,"showSkybox":false,"showFlares":true,"showImageEffects":true,"showParticleSystems":true},"in2DMode":false,"pivot":{"x":-35.20000076293945,"y":25.86024284362793,"z":-12.510000228881836},"rotation":{"x":0.30082833766937258,"y":0.5736422538757324,"z":-0.23835808038711549,"w":0.7236907482147217},"size":27.41600227355957,"orthographic":false}